{
  "selection_metric": "recall",
  "best_model_name": "Logistic Regression",
  "best_model_recall": 0.7807486631016043,
  "models": {
    "Logistic Regression": {
      "accuracy": 0.7320540156361052,
      "precision": 0.49744463373083475,
      "recall": 0.7807486631016043,
      "f1": 0.6077003121748179,
      "roc_auc": 0.833891992069203
    },
    "Random Forest": {
      "accuracy": 0.7825159914712153,
      "precision": 0.5876288659793815,
      "recall": 0.6096256684491979,
      "f1": 0.5984251968503937,
      "roc_auc": 0.81702222383277
    },
    "XGBoost": {
      "accuracy": 0.775408670931059,
      "precision": 0.5739795918367347,
      "recall": 0.6016042780748663,
      "f1": 0.587467362924282,
      "roc_auc": 0.8191705794348013
    }
  }
}